Date;Open;High;Low;Close
Apr 28, 2019 21:00;1.11447;1.11491;1.11447;1.11484
Apr 26, 2019 20:00;1.11473;1.11535;1.11465;1.11473
Apr 26, 2019 19:00;1.11539;1.11541;1.1147;1.11474
Apr 26, 2019 18:00;1.11569;1.11598;1.11513;1.1154
Apr 26, 2019 17:00;1.11629;1.11659;1.11561;1.11568
Apr 26, 2019 16:00;1.11537;1.11633;1.11508;1.11628
Apr 26, 2019 15:00;1.11631;1.1169;1.1154;1.11543
Apr 26, 2019 14:00;1.11539;1.11738;1.11514;1.11626
Apr 26, 2019 13:00;1.11477;1.11568;1.11421;1.11539
Apr 26, 2019 12:00;1.11336;1.11593;1.11112;1.11482
Apr 26, 2019 11:00;1.11367;1.11415;1.11323;1.11331
Apr 26, 2019 10:00;1.11373;1.11398;1.11349;1.11369
Apr 26, 2019 09:00;1.11425;1.1145;1.11375;1.11375
Apr 26, 2019 08:00;1.11408;1.11446;1.11295;1.11423
Apr 26, 2019 07:00;1.11446;1.1147;1.11385;1.1141
Apr 26, 2019 06:00;1.11395;1.11471;1.11341;1.11442
Apr 26, 2019 05:00;1.11352;1.114;1.11331;1.114
Apr 26, 2019 04:00;1.11358;1.11379;1.11353;1.11353
Apr 26, 2019 03:00;1.11388;1.11389;1.11348;1.11359
Apr 26, 2019 02:00;1.11338;1.11411;1.11292;1.11388
Apr 26, 2019 01:00;1.11291;1.11382;1.11267;1.11337
Apr 26, 2019 00:00;1.11355;1.11366;1.11242;1.11294
Apr 25, 2019 23:00;1.11374;1.11394;1.11354;1.11356
Apr 25, 2019 22:00;1.11339;1.11377;1.11339;1.11372
Apr 25, 2019 21:00;1.11285;1.11366;1.11281;1.11342
Apr 25, 2019 20:00;1.11333;1.1134;1.11314;1.11328
Apr 25, 2019 19:00;1.1128;1.11341;1.11273;1.11334
Apr 25, 2019 18:00;1.11361;1.11363;1.11273;1.11282
Apr 25, 2019 17:00;1.11365;1.11385;1.11322;1.11357
Apr 25, 2019 16:00;1.11396;1.11437;1.11298;1.11365
Apr 25, 2019 15:00;1.11438;1.11479;1.11322;1.11395
Apr 25, 2019 14:00;1.11415;1.11543;1.1139;1.11434
Apr 25, 2019 13:00;1.11306;1.11469;1.11297;1.11418
Apr 25, 2019 12:00;1.11234;1.11308;1.11177;1.11305
Apr 25, 2019 11:00;1.11326;1.11341;1.11217;1.11235
Apr 25, 2019 10:00;1.11333;1.11411;1.11311;1.11324
Apr 25, 2019 09:00;1.11476;1.11483;1.11294;1.11338
Apr 25, 2019 08:00;1.11543;1.11551;1.11347;1.11471
Apr 25, 2019 07:00;1.1155;1.116;1.11449;1.11547
Apr 25, 2019 06:00;1.11557;1.11626;1.11516;1.11552
Apr 25, 2019 05:00;1.11573;1.11588;1.11529;1.11557
Apr 25, 2019 04:00;1.11565;1.1158;1.11504;1.11572
Apr 25, 2019 03:00;1.11596;1.11597;1.11562;1.11568
Apr 25, 2019 02:00;1.11541;1.11604;1.11505;1.11593
Apr 25, 2019 01:00;1.11526;1.11548;1.11449;1.11542
Apr 25, 2019 00:00;1.11533;1.11536;1.1145;1.11523
Apr 24, 2019 23:00;1.11579;1.11579;1.11499;1.11533
Apr 24, 2019 22:00;1.11551;1.11595;1.11551;1.11582
Apr 24, 2019 21:00;1.11538;1.11565;1.11511;1.11551
Apr 24, 2019 20:00;1.11563;1.1159;1.11509;1.1152
Apr 24, 2019 19:00;1.11414;1.11576;1.11414;1.11567
Apr 24, 2019 18:00;1.11642;1.11646;1.11404;1.11411
Apr 24, 2019 17:00;1.11586;1.11651;1.11532;1.11643
Apr 24, 2019 16:00;1.11914;1.1192;1.11563;1.11587
Apr 24, 2019 15:00;1.12045;1.12046;1.11898;1.11911
Apr 24, 2019 14:00;1.1193;1.12099;1.11894;1.12051
Apr 24, 2019 13:00;1.12038;1.12038;1.11811;1.11929
Apr 24, 2019 12:00;1.12109;1.12117;1.12025;1.12031
Apr 24, 2019 11:00;1.12088;1.12117;1.12035;1.12111
Apr 24, 2019 10:00;1.12144;1.12151;1.1208;1.1209
Apr 24, 2019 09:00;1.12181;1.12233;1.12105;1.12143
Apr 24, 2019 08:00;1.12166;1.12195;1.11947;1.12182
Apr 24, 2019 07:00;1.1208;1.12173;1.12006;1.12164
Apr 24, 2019 06:00;1.12143;1.12153;1.12039;1.12079
Apr 24, 2019 05:00;1.12162;1.12182;1.12132;1.12145
Apr 24, 2019 04:00;1.12109;1.12163;1.12107;1.12159
Apr 24, 2019 03:00;1.1214;1.12145;1.12084;1.1211
Apr 24, 2019 02:00;1.12172;1.12172;1.1209;1.12143
Apr 24, 2019 01:00;1.12174;1.12203;1.12093;1.12169
Apr 24, 2019 00:00;1.12239;1.12241;1.12169;1.12177
Apr 23, 2019 23:00;1.12215;1.12243;1.12209;1.12235
Apr 23, 2019 22:00;1.12226;1.12243;1.12208;1.12215
Apr 23, 2019 21:00;1.1226;1.12263;1.12211;1.12228
Apr 23, 2019 20:00;1.12246;1.1228;1.12218;1.12277
Apr 23, 2019 19:00;1.12147;1.12246;1.12143;1.12244
Apr 23, 2019 18:00;1.12131;1.12165;1.1211;1.12148
Apr 23, 2019 17:00;1.12137;1.12147;1.12096;1.12134
Apr 23, 2019 16:00;1.12124;1.12163;1.12106;1.12137
Apr 23, 2019 15:00;1.12068;1.12127;1.12004;1.12124
Apr 23, 2019 14:00;1.12105;1.12119;1.11922;1.12068
Apr 23, 2019 13:00;1.1218;1.12186;1.12043;1.12108
Apr 23, 2019 12:00;1.12467;1.12479;1.12169;1.1218
Apr 23, 2019 11:00;1.12526;1.12529;1.12441;1.12461
Apr 23, 2019 10:00;1.12563;1.12563;1.1249;1.12529
Apr 23, 2019 09:00;1.12504;1.12612;1.12498;1.12564
Apr 23, 2019 08:00;1.12452;1.12584;1.12421;1.12502
Apr 23, 2019 07:00;1.12477;1.12513;1.12417;1.12452
Apr 23, 2019 06:00;1.12497;1.12497;1.1243;1.1248
Apr 23, 2019 05:00;1.12499;1.12518;1.1247;1.12496
Apr 23, 2019 04:00;1.12529;1.12534;1.12496;1.12498
Apr 23, 2019 03:00;1.12496;1.12551;1.12496;1.12532
Apr 23, 2019 02:00;1.12497;1.1251;1.12473;1.12496
Apr 23, 2019 01:00;1.12446;1.12509;1.12446;1.12495
Apr 23, 2019 00:00;1.12587;1.1259;1.12448;1.12449
Apr 22, 2019 23:00;1.12599;1.12605;1.12584;1.12585
Apr 22, 2019 22:00;1.12578;1.12601;1.12574;1.12597
Apr 22, 2019 21:00;1.12565;1.12592;1.12539;1.12575
Apr 22, 2019 20:00;1.12586;1.12587;1.12564;1.12567
Apr 22, 2019 19:00;1.12584;1.12603;1.12582;1.12588
Apr 22, 2019 18:00;1.12608;1.12616;1.12583;1.12584
Apr 22, 2019 17:00;1.12582;1.12614;1.12581;1.12609
Apr 22, 2019 16:00;1.12581;1.12619;1.12574;1.12583
Apr 22, 2019 15:00;1.12545;1.12618;1.12525;1.12577
Apr 22, 2019 14:00;1.12515;1.12567;1.12497;1.12545
Apr 22, 2019 13:00;1.12493;1.12544;1.12485;1.12517
Apr 22, 2019 12:00;1.12481;1.1255;1.12464;1.12494
Apr 22, 2019 11:00;1.12496;1.12504;1.12469;1.12478
Apr 22, 2019 10:00;1.12489;1.12519;1.12486;1.12498
Apr 22, 2019 09:00;1.12457;1.12495;1.12456;1.12488
Apr 22, 2019 08:00;1.12463;1.12473;1.12431;1.12456
Apr 22, 2019 07:00;1.12432;1.12469;1.12412;1.12465
Apr 22, 2019 06:00;1.12427;1.12446;1.12405;1.12434
Apr 22, 2019 05:00;1.12381;1.12433;1.12371;1.12426
Apr 22, 2019 04:00;1.12366;1.12382;1.12358;1.12381
Apr 22, 2019 03:00;1.12398;1.12414;1.12368;1.12369
Apr 22, 2019 02:00;1.12408;1.12417;1.12368;1.12398
Apr 22, 2019 01:00;1.12425;1.12443;1.12403;1.12406
Apr 22, 2019 00:00;1.12441;1.12451;1.12419;1.12422
Apr 21, 2019 23:00;1.12427;1.1245;1.12421;1.12443
Apr 21, 2019 22:00;1.12426;1.12434;1.12371;1.12426
Apr 21, 2019 21:00;1.12401;1.12458;1.124;1.12428
Apr 19, 2019 20:00;1.12453;1.1247;1.124;1.124
Apr 19, 2019 19:00;1.12451;1.12462;1.12444;1.12451
Apr 19, 2019 18:00;1.12437;1.12459;1.12424;1.1245
Apr 19, 2019 17:00;1.12451;1.12456;1.12427;1.12439
Apr 19, 2019 16:00;1.1246;1.1246;1.12427;1.12452
Apr 19, 2019 15:00;1.12463;1.12471;1.12437;1.1246
Apr 19, 2019 14:00;1.12441;1.12474;1.12435;1.12461
Apr 19, 2019 13:00;1.12446;1.12465;1.12423;1.12445
Apr 19, 2019 12:00;1.12451;1.12459;1.12418;1.12442
Apr 19, 2019 11:00;1.12467;1.12468;1.12451;1.12454
Apr 19, 2019 10:00;1.12446;1.12471;1.12443;1.12466
Apr 19, 2019 09:00;1.12466;1.12467;1.12435;1.12448
Apr 19, 2019 08:00;1.1244;1.12476;1.12436;1.12468
Apr 19, 2019 07:00;1.12423;1.12454;1.12422;1.12439
Apr 19, 2019 06:00;1.12431;1.12452;1.12418;1.12424
Apr 19, 2019 05:00;1.12379;1.12432;1.12379;1.12427
Apr 19, 2019 04:00;1.12367;1.12381;1.12351;1.12381
Apr 19, 2019 03:00;1.12365;1.12371;1.12363;1.12367
Apr 19, 2019 02:00;1.12412;1.12422;1.12322;1.12364
Apr 19, 2019 01:00;1.12401;1.12422;1.12393;1.12415
Apr 19, 2019 00:00;1.1235;1.12406;1.12349;1.12401
Apr 18, 2019 23:00;1.12366;1.12382;1.12345;1.1235
Apr 18, 2019 22:00;1.12314;1.12367;1.12314;1.12367
Apr 18, 2019 21:00;1.12287;1.12313;1.12269;1.12309
Apr 18, 2019 20:00;1.12299;1.12332;1.12291;1.12301
Apr 18, 2019 19:00;1.123;1.12313;1.12289;1.12297
Apr 18, 2019 18:00;1.12285;1.12319;1.12274;1.12304
Apr 18, 2019 17:00;1.12295;1.12302;1.12259;1.12279
Apr 18, 2019 16:00;1.12407;1.12407;1.1229;1.12298
Apr 18, 2019 15:00;1.1243;1.12447;1.12375;1.12405
Apr 18, 2019 14:00;1.12495;1.12507;1.12358;1.1243
Apr 18, 2019 13:00;1.12402;1.12536;1.12359;1.12494
Apr 18, 2019 12:00;1.12521;1.12543;1.12382;1.12407
Apr 18, 2019 11:00;1.12538;1.12581;1.12498;1.12517
Apr 18, 2019 10:00;1.12514;1.1257;1.12488;1.12539
Apr 18, 2019 09:00;1.1261;1.12613;1.12494;1.12519
Apr 18, 2019 08:00;1.12709;1.12709;1.12429;1.12605
Apr 18, 2019 07:00;1.13015;1.13025;1.12649;1.12712
Apr 18, 2019 06:00;1.12997;1.13038;1.12964;1.13012
Apr 18, 2019 05:00;1.12946;1.13008;1.12945;1.12997
Apr 18, 2019 04:00;1.1294;1.12956;1.12931;1.12947
Apr 18, 2019 03:00;1.12922;1.12942;1.12921;1.1294
Apr 18, 2019 02:00;1.12923;1.12955;1.12893;1.12919
Apr 18, 2019 01:00;1.12984;1.13006;1.12922;1.12924
Apr 18, 2019 00:00;1.12966;1.12988;1.12944;1.12984
Apr 17, 2019 23:00;1.12983;1.12989;1.12962;1.12962
Apr 17, 2019 22:00;1.12974;1.12997;1.1296;1.12984
Apr 17, 2019 21:00;1.12924;1.12985;1.12924;1.12973
Apr 17, 2019 20:00;1.12997;1.13008;1.12963;1.12991
Apr 17, 2019 19:00;1.12983;1.13014;1.12976;1.12994
Apr 17, 2019 18:00;1.12969;1.12995;1.12943;1.12985
Apr 17, 2019 17:00;1.1296;1.13023;1.12956;1.12965
Apr 17, 2019 16:00;1.12962;1.13012;1.12933;1.12963
Apr 17, 2019 15:00;1.13031;1.13032;1.12953;1.1296
Apr 17, 2019 14:00;1.13036;1.13071;1.12904;1.13028
Apr 17, 2019 13:00;1.13037;1.13055;1.12911;1.1304
Apr 17, 2019 12:00;1.13028;1.13078;1.13008;1.13038
Apr 17, 2019 11:00;1.13092;1.13132;1.13017;1.13021
Apr 17, 2019 10:00;1.13087;1.13122;1.1305;1.13095
Apr 17, 2019 09:00;1.13159;1.13192;1.13057;1.13085
Apr 17, 2019 08:00;1.13167;1.13201;1.13108;1.13157
Apr 17, 2019 07:00;1.13063;1.13237;1.13038;1.13169
Apr 17, 2019 06:00;1.13115;1.13139;1.13039;1.13065
Apr 17, 2019 05:00;1.13029;1.13113;1.13028;1.13113
Apr 17, 2019 04:00;1.13033;1.13046;1.13029;1.13034
Apr 17, 2019 03:00;1.12981;1.13032;1.12978;1.13028
Apr 17, 2019 02:00;1.12936;1.13031;1.12936;1.12987
Apr 17, 2019 01:00;1.12862;1.12942;1.12837;1.1293
Apr 17, 2019 00:00;1.12845;1.1287;1.12813;1.12864
Apr 16, 2019 23:00;1.12813;1.12854;1.12813;1.12846
Apr 16, 2019 22:00;1.1285;1.12878;1.12787;1.12811
Apr 16, 2019 21:00;1.12797;1.12862;1.12797;1.12853
Apr 16, 2019 20:00;1.1283;1.12841;1.12801;1.12805
Apr 16, 2019 19:00;1.12875;1.12893;1.12825;1.1283
Apr 16, 2019 18:00;1.12879;1.12904;1.12845;1.12875
Apr 16, 2019 17:00;1.12838;1.12894;1.12831;1.1288
Apr 16, 2019 16:00;1.12925;1.12932;1.12803;1.1284
Apr 16, 2019 15:00;1.13001;1.13025;1.12874;1.12924
Apr 16, 2019 14:00;1.12958;1.13057;1.12935;1.12998
Apr 16, 2019 13:00;1.1297;1.13026;1.12944;1.1296
Apr 16, 2019 12:00;1.13096;1.13118;1.12921;1.12973
Apr 16, 2019 11:00;1.13008;1.1311;1.12992;1.13096
Apr 16, 2019 10:00;1.12905;1.13044;1.12896;1.13004
Apr 16, 2019 09:00;1.13051;1.13104;1.12795;1.12907
Apr 16, 2019 08:00;1.13104;1.13141;1.13047;1.13052
Apr 16, 2019 07:00;1.13081;1.13121;1.12993;1.13103
Apr 16, 2019 06:00;1.13048;1.13095;1.13013;1.13079
Apr 16, 2019 05:00;1.13046;1.1306;1.13024;1.13052
Apr 16, 2019 04:00;1.13027;1.13048;1.13019;1.13044
Apr 16, 2019 03:00;1.12984;1.13031;1.12966;1.13025
Apr 16, 2019 02:00;1.12932;1.12994;1.12928;1.12983
Apr 16, 2019 01:00;1.13058;1.13066;1.12929;1.12936
Apr 16, 2019 00:00;1.13043;1.13073;1.13022;1.13054
Apr 15, 2019 23:00;1.13023;1.13047;1.1302;1.13043
Apr 15, 2019 22:00;1.13009;1.13036;1.13002;1.13024
Apr 15, 2019 21:00;1.1303;1.13062;1.12998;1.13008
Apr 15, 2019 20:00;1.13056;1.13056;1.13012;1.1304
Apr 15, 2019 19:00;1.1304;1.13058;1.13001;1.13055
Apr 15, 2019 18:00;1.13025;1.1305;1.12999;1.13036
Apr 15, 2019 17:00;1.13065;1.1308;1.13018;1.13026
Apr 15, 2019 16:00;1.13037;1.13085;1.1302;1.13064
Apr 15, 2019 15:00;1.1308;1.1308;1.13001;1.13036
Apr 15, 2019 14:00;1.13037;1.13123;1.13029;1.13084
Apr 15, 2019 13:00;1.13132;1.13155;1.12974;1.13031
Apr 15, 2019 12:00;1.13079;1.13148;1.13077;1.13132
Apr 15, 2019 11:00;1.13091;1.13161;1.13057;1.13076
Apr 15, 2019 10:00;1.13142;1.13152;1.13075;1.13096
Apr 15, 2019 09:00;1.13178;1.13195;1.13123;1.13138
Apr 15, 2019 08:00;1.13166;1.13204;1.13128;1.13183
Apr 15, 2019 07:00;1.13119;1.13209;1.13114;1.13164
Apr 15, 2019 06:00;1.13061;1.13137;1.13023;1.13116
Apr 15, 2019 05:00;1.13091;1.13105;1.13057;1.13066
Apr 15, 2019 04:00;1.13114;1.13129;1.13089;1.13092
Apr 15, 2019 03:00;1.13139;1.13144;1.13112;1.13114
Apr 15, 2019 02:00;1.13086;1.13142;1.13078;1.13135
Apr 15, 2019 01:00;1.13035;1.1309;1.13015;1.13087
Apr 15, 2019 00:00;1.13027;1.13059;1.13013;1.13036
Apr 14, 2019 23:00;1.13043;1.13071;1.13019;1.13026
Apr 14, 2019 22:00;1.1301;1.13062;1.1301;1.13043
Apr 14, 2019 21:00;1.13036;1.13036;1.12992;1.13014
Apr 12, 2019 20:00;1.12988;1.12988;1.12927;1.12982
Apr 12, 2019 19:00;1.12957;1.12984;1.12938;1.12983
Apr 12, 2019 18:00;1.12968;1.12992;1.12952;1.1296
Apr 12, 2019 17:00;1.12986;1.12994;1.12941;1.12968
Apr 12, 2019 16:00;1.13041;1.13076;1.12947;1.12984
Apr 12, 2019 15:00;1.13135;1.13206;1.13038;1.13041
Apr 12, 2019 14:00;1.13137;1.13223;1.13118;1.13134
Apr 12, 2019 13:00;1.13206;1.13242;1.13115;1.13142
Apr 12, 2019 12:00;1.13068;1.13224;1.13068;1.13204
Apr 12, 2019 11:00;1.13132;1.13216;1.13068;1.13068
Apr 12, 2019 10:00;1.13138;1.13187;1.13055;1.13129
Apr 12, 2019 09:00;1.13056;1.13144;1.13043;1.13142
Apr 12, 2019 08:00;1.12888;1.13102;1.12877;1.13057
Apr 12, 2019 07:00;1.12843;1.12916;1.12817;1.12887
Apr 12, 2019 06:00;1.12857;1.12885;1.12823;1.12841
Apr 12, 2019 05:00;1.12914;1.12914;1.12839;1.12859
Apr 12, 2019 04:00;1.12898;1.12918;1.12888;1.12912
Apr 12, 2019 03:00;1.12897;1.12949;1.12872;1.12901
Apr 12, 2019 02:00;1.12844;1.12909;1.12841;1.12895
Apr 12, 2019 01:00;1.12838;1.12858;1.12771;1.12848
Apr 12, 2019 00:00;1.12601;1.12917;1.12571;1.12835
Apr 11, 2019 23:00;1.1258;1.12621;1.12579;1.12599
Apr 11, 2019 22:00;1.12569;1.12612;1.12568;1.12584
Apr 11, 2019 21:00;1.12508;1.12577;1.12508;1.12566
Apr 11, 2019 20:00;1.12593;1.12594;1.12538;1.12541
Apr 11, 2019 19:00;1.12559;1.12606;1.12547;1.12597
Apr 11, 2019 18:00;1.12556;1.12593;1.12535;1.12562
Apr 11, 2019 17:00;1.12585;1.1262;1.12499;1.12552
Apr 11, 2019 16:00;1.12613;1.12635;1.12559;1.12581
Apr 11, 2019 15:00;1.12743;1.12744;1.12595;1.12617
Apr 11, 2019 14:00;1.12711;1.12761;1.12669;1.1274
Apr 11, 2019 13:00;1.12598;1.12717;1.12569;1.12711
Apr 11, 2019 12:00;1.1267;1.12676;1.12554;1.126
Apr 11, 2019 11:00;1.12836;1.12838;1.12636;1.12668
Apr 11, 2019 10:00;1.12781;1.12842;1.12745;1.12837
Apr 11, 2019 09:00;1.12789;1.12845;1.12761;1.12777
Apr 11, 2019 08:00;1.12815;1.12853;1.12751;1.12794
Apr 11, 2019 07:00;1.12783;1.12873;1.12752;1.12814
Apr 11, 2019 06:00;1.12823;1.12832;1.1275;1.12788
Apr 11, 2019 05:00;1.12799;1.12833;1.1279;1.12823
Apr 11, 2019 04:00;1.12769;1.12806;1.12759;1.12799
Apr 11, 2019 03:00;1.12757;1.12771;1.12729;1.12766
Apr 11, 2019 02:00;1.12766;1.12779;1.12747;1.12757
Apr 11, 2019 01:00;1.12758;1.12783;1.12748;1.12762
Apr 11, 2019 00:00;1.12758;1.12793;1.12725;1.12758
Apr 10, 2019 23:00;1.12762;1.12777;1.12748;1.12757
Apr 10, 2019 22:00;1.12746;1.12768;1.12737;1.12763
Apr 10, 2019 21:00;1.12729;1.12755;1.1271;1.12742
Apr 10, 2019 20:00;1.12723;1.12746;1.12696;1.12745
Apr 10, 2019 19:00;1.12708;1.12777;1.12696;1.12725
Apr 10, 2019 18:00;1.1274;1.12773;1.12632;1.12709
Apr 10, 2019 17:00;1.12754;1.12779;1.12734;1.12742
Apr 10, 2019 16:00;1.12663;1.12786;1.12625;1.12756
Apr 10, 2019 15:00;1.12503;1.12694;1.12489;1.12661
Apr 10, 2019 14:00;1.12413;1.12528;1.12403;1.12503
Apr 10, 2019 13:00;1.12562;1.12596;1.12296;1.12414
Apr 10, 2019 12:00;1.12758;1.12865;1.12531;1.1256
Apr 10, 2019 11:00;1.1275;1.12814;1.12724;1.12759
Apr 10, 2019 10:00;1.12777;1.12791;1.12723;1.1275
Apr 10, 2019 09:00;1.12699;1.1279;1.12682;1.12782
Apr 10, 2019 08:00;1.12655;1.12722;1.12614;1.12695
Apr 10, 2019 07:00;1.12718;1.12729;1.12615;1.12659
Apr 10, 2019 06:00;1.12632;1.1274;1.12618;1.12717
Apr 10, 2019 05:00;1.12616;1.12639;1.12595;1.12632
Apr 10, 2019 04:00;1.12605;1.12639;1.12591;1.12613
Apr 10, 2019 03:00;1.12586;1.12626;1.12576;1.12606
Apr 10, 2019 02:00;1.12571;1.12591;1.12564;1.12584
Apr 10, 2019 01:00;1.12586;1.12619;1.12555;1.12573
Apr 10, 2019 00:00;1.12654;1.12669;1.12572;1.12582
Apr 09, 2019 23:00;1.12663;1.1267;1.12652;1.12654
Apr 09, 2019 22:00;1.12637;1.12662;1.12622;1.12661
Apr 09, 2019 21:00;1.12622;1.1265;1.12612;1.12642
Apr 09, 2019 20:00;1.12646;1.12665;1.1262;1.12633
Apr 09, 2019 19:00;1.12665;1.12681;1.1262;1.12645
Apr 09, 2019 18:00;1.12671;1.12678;1.12627;1.12662
Apr 09, 2019 17:00;1.12704;1.12735;1.12632;1.12677
Apr 09, 2019 16:00;1.12772;1.12783;1.12701;1.12702
Apr 09, 2019 15:00;1.12732;1.12808;1.12682;1.12773
Apr 09, 2019 14:00;1.12794;1.1282;1.12697;1.12733
Apr 09, 2019 13:00;1.12795;1.12844;1.12764;1.12794
Apr 09, 2019 12:00;1.12743;1.12821;1.12723;1.12788
Apr 09, 2019 11:00;1.12784;1.12806;1.12734;1.12746
Apr 09, 2019 10:00;1.12743;1.12789;1.12719;1.12783
Apr 09, 2019 09:00;1.128;1.12809;1.12664;1.12742
Apr 09, 2019 08:00;1.12655;1.12805;1.12624;1.12802
Apr 09, 2019 07:00;1.12619;1.1272;1.12561;1.12652
Apr 09, 2019 06:00;1.12634;1.12679;1.12596;1.12621
Apr 09, 2019 05:00;1.12654;1.12661;1.12617;1.12631
Apr 09, 2019 04:00;1.12675;1.12687;1.12658;1.12659
Apr 09, 2019 03:00;1.1266;1.1269;1.12634;1.1267
Apr 09, 2019 02:00;1.12635;1.12673;1.12631;1.12664
Apr 09, 2019 01:00;1.12592;1.12659;1.12583;1.12631
Apr 09, 2019 00:00;1.12556;1.12633;1.12554;1.12591
Apr 08, 2019 23:00;1.12564;1.12577;1.12554;1.12554
Apr 08, 2019 22:00;1.12605;1.12633;1.12551;1.12564
Apr 08, 2019 21:00;1.12602;1.12652;1.1259;1.12607
Apr 08, 2019 20:00;1.12649;1.12649;1.12592;1.12594
Apr 08, 2019 19:00;1.12619;1.12649;1.126;1.12649
Apr 08, 2019 18:00;1.12622;1.12631;1.12598;1.12616
Apr 08, 2019 17:00;1.12673;1.12686;1.12582;1.12622
Apr 08, 2019 16:00;1.1261;1.12687;1.12597;1.12669
Apr 08, 2019 15:00;1.12611;1.12637;1.1258;1.1261
Apr 08, 2019 14:00;1.12727;1.12728;1.12594;1.12609
Apr 08, 2019 13:00;1.12611;1.12743;1.12599;1.12729
Apr 08, 2019 12:00;1.12467;1.12643;1.1243;1.12612
Apr 08, 2019 11:00;1.12429;1.1251;1.12409;1.12465
Apr 08, 2019 10:00;1.12392;1.12455;1.12365;1.12429
Apr 08, 2019 09:00;1.12334;1.12393;1.12306;1.12392
Apr 08, 2019 08:00;1.12285;1.1237;1.12259;1.12334
Apr 08, 2019 07:00;1.12269;1.12298;1.12217;1.12288
Apr 08, 2019 06:00;1.12259;1.12297;1.12243;1.12265
Apr 08, 2019 05:00;1.12306;1.12306;1.12251;1.12258
Apr 08, 2019 04:00;1.1229;1.1231;1.12275;1.12307
Apr 08, 2019 03:00;1.1225;1.12321;1.12242;1.1229
Apr 08, 2019 02:00;1.12205;1.12263;1.12201;1.12254
Apr 08, 2019 01:00;1.12175;1.12214;1.12148;1.12203
Apr 08, 2019 00:00;1.12181;1.12213;1.12147;1.12175
Apr 07, 2019 23:00;1.12183;1.12189;1.12149;1.1218
Apr 07, 2019 22:00;1.12156;1.12199;1.12147;1.12187
Apr 07, 2019 21:00;1.12137;1.12204;1.121;1.12151
Apr 05, 2019 20:00;1.12178;1.12185;1.12147;1.12165
Apr 05, 2019 19:00;1.12173;1.12179;1.12139;1.12176
Apr 05, 2019 18:00;1.12156;1.12179;1.12137;1.12177
Apr 05, 2019 17:00;1.12149;1.12164;1.12108;1.12158
Apr 05, 2019 16:00;1.12169;1.12197;1.1213;1.12145
Apr 05, 2019 15:00;1.12245;1.12245;1.12102;1.12171
Apr 05, 2019 14:00;1.12253;1.12335;1.12221;1.12242
Apr 05, 2019 13:00;1.12362;1.12389;1.12206;1.12257
Apr 05, 2019 12:00;1.12251;1.12477;1.12171;1.12362
Apr 05, 2019 11:00;1.12282;1.12293;1.12235;1.12245
Apr 05, 2019 10:00;1.12291;1.1232;1.12267;1.12286
Apr 05, 2019 09:00;1.12301;1.12331;1.12284;1.12289
Apr 05, 2019 08:00;1.12291;1.1231;1.12246;1.12299
Apr 05, 2019 07:00;1.1232;1.12341;1.12246;1.1229
Apr 05, 2019 06:00;1.12265;1.12366;1.12264;1.12325
Apr 05, 2019 05:00;1.12272;1.12294;1.12258;1.12266
Apr 05, 2019 04:00;1.12242;1.12282;1.12236;1.12271
Apr 05, 2019 03:00;1.12242;1.12249;1.12228;1.1224
Apr 05, 2019 02:00;1.12244;1.12258;1.12237;1.12238
Apr 05, 2019 01:00;1.12226;1.12256;1.12224;1.12249
Apr 05, 2019 00:00;1.12226;1.12293;1.12195;1.12226
Apr 04, 2019 23:00;1.12214;1.12241;1.12211;1.12221
Apr 04, 2019 22:00;1.12208;1.12232;1.12204;1.12219
Apr 04, 2019 21:00;1.12191;1.12231;1.1217;1.12203
Apr 04, 2019 20:00;1.12238;1.12265;1.12199;1.122
Apr 04, 2019 19:00;1.12211;1.12246;1.12194;1.12243
Apr 04, 2019 18:00;1.12192;1.12238;1.12171;1.12206
Apr 04, 2019 17:00;1.1219;1.12202;1.12132;1.12193
Apr 04, 2019 16:00;1.12162;1.12206;1.12135;1.12192
Apr 04, 2019 15:00;1.12163;1.12247;1.12147;1.12159
Apr 04, 2019 14:00;1.1214;1.12191;1.12102;1.12165
Apr 04, 2019 13:00;1.12176;1.12187;1.12063;1.12138
Apr 04, 2019 12:00;1.12237;1.12249;1.12129;1.12177
Apr 04, 2019 11:00;1.1228;1.12301;1.1222;1.12234
Apr 04, 2019 10:00;1.12273;1.1233;1.12261;1.1228
Apr 04, 2019 09:00;1.12318;1.12364;1.12208;1.12272
Apr 04, 2019 08:00;1.12408;1.12415;1.12308;1.12318
Apr 04, 2019 07:00;1.1239;1.1247;1.12335;1.12408
Apr 04, 2019 06:00;1.12473;1.12473;1.12343;1.12388
Apr 04, 2019 05:00;1.12406;1.12473;1.12395;1.12472
Apr 04, 2019 04:00;1.12419;1.12428;1.124;1.12407
Apr 04, 2019 03:00;1.12379;1.12422;1.12366;1.12419
Apr 04, 2019 02:00;1.12443;1.12449;1.12374;1.1238
Apr 04, 2019 01:00;1.12442;1.12453;1.12433;1.1244
Apr 04, 2019 00:00;1.12445;1.12473;1.12436;1.12443
Apr 03, 2019 23:00;1.12418;1.12457;1.12418;1.12445
Apr 03, 2019 22:00;1.12364;1.12424;1.12361;1.12419
Apr 03, 2019 21:00;1.12318;1.12378;1.12318;1.12363
Apr 03, 2019 20:00;1.12386;1.12386;1.12325;1.12332
Apr 03, 2019 19:00;1.12392;1.12418;1.12379;1.12386
Apr 03, 2019 18:00;1.12461;1.12471;1.12385;1.12392
Apr 03, 2019 17:00;1.12442;1.12481;1.12414;1.12458
Apr 03, 2019 16:00;1.12418;1.12492;1.12391;1.12444
Apr 03, 2019 15:00;1.12298;1.12429;1.12284;1.12417
Apr 03, 2019 14:00;1.1235;1.12427;1.12248;1.12295
Apr 03, 2019 13:00;1.12342;1.12368;1.12273;1.12327
Apr 03, 2019 12:00;1.1246;1.12497;1.12337;1.12342
Apr 03, 2019 11:00;1.12433;1.12505;1.12422;1.12463
Apr 03, 2019 10:00;1.12477;1.1249;1.1243;1.1243
Apr 03, 2019 09:00;1.12435;1.12549;1.1239;1.12482
Apr 03, 2019 08:00;1.12373;1.1245;1.12322;1.12435
Apr 03, 2019 07:00;1.12234;1.12429;1.12154;1.12377
Apr 03, 2019 06:00;1.12254;1.12287;1.12176;1.12232
Apr 03, 2019 05:00;1.12228;1.12266;1.12212;1.12256
Apr 03, 2019 04:00;1.12217;1.12264;1.12209;1.12228
Apr 03, 2019 03:00;1.12209;1.12234;1.12197;1.12219
Apr 03, 2019 02:00;1.12236;1.12253;1.12199;1.12203
Apr 03, 2019 01:00;1.12161;1.12264;1.12125;1.12238
Apr 03, 2019 00:00;1.12036;1.12174;1.12021;1.12166
Apr 02, 2019 23:00;1.12042;1.12052;1.12027;1.12033
Apr 02, 2019 22:00;1.12024;1.12051;1.12018;1.12044
Apr 02, 2019 21:00;1.12041;1.1206;1.12002;1.12023
Apr 02, 2019 20:00;1.12009;1.12052;1.11989;1.12043
Apr 02, 2019 19:00;1.11979;1.12023;1.11941;1.12013
Apr 02, 2019 18:00;1.11944;1.11982;1.1192;1.11979
Apr 02, 2019 17:00;1.11968;1.12158;1.11928;1.11941
Apr 02, 2019 16:00;1.11861;1.11979;1.11854;1.11968
Apr 02, 2019 15:00;1.11912;1.1193;1.11836;1.11862
Apr 02, 2019 14:00;1.12013;1.12059;1.11851;1.11913
Apr 02, 2019 13:00;1.12054;1.12077;1.11979;1.12011
Apr 02, 2019 12:00;1.12011;1.12118;1.11981;1.12054
Apr 02, 2019 11:00;1.12002;1.12056;1.11972;1.12014
Apr 02, 2019 10:00;1.12038;1.12057;1.11989;1.12002
Apr 02, 2019 09:00;1.11982;1.12061;1.11974;1.12041
Apr 02, 2019 08:00;1.11994;1.12047;1.11935;1.11979
Apr 02, 2019 07:00;1.1201;1.12039;1.11904;1.11996
Apr 02, 2019 06:00;1.12077;1.12079;1.11991;1.12009
Apr 02, 2019 05:00;1.12022;1.12112;1.12008;1.12075
Apr 02, 2019 04:00;1.12025;1.12026;1.11957;1.12023
Apr 02, 2019 03:00;1.12028;1.12052;1.11993;1.12027
Apr 02, 2019 02:00;1.12037;1.12056;1.12014;1.12028
Apr 02, 2019 01:00;1.12058;1.12059;1.11972;1.12034
Apr 02, 2019 00:00;1.12053;1.12088;1.12048;1.12059
Apr 01, 2019 23:00;1.12061;1.12075;1.12044;1.12047
Apr 01, 2019 22:00;1.12022;1.12065;1.1202;1.12064
Apr 01, 2019 21:00;1.12122;1.12125;1.11981;1.12023
Apr 01, 2019 20:00;1.12103;1.12134;1.12087;1.12122
Apr 01, 2019 19:00;1.12126;1.12129;1.12088;1.12104
Apr 01, 2019 18:00;1.12084;1.12129;1.12065;1.12126
Apr 01, 2019 17:00;1.1206;1.12095;1.12038;1.12079
Apr 01, 2019 16:00;1.12094;1.12115;1.12041;1.12062
Apr 01, 2019 15:00;1.12207;1.12238;1.12087;1.12097
Apr 01, 2019 14:00;1.12345;1.12345;1.12117;1.12204
Apr 01, 2019 13:00;1.12349;1.12453;1.12296;1.12355
Apr 01, 2019 12:00;1.12295;1.12487;1.12295;1.12349
Apr 01, 2019 11:00;1.12316;1.12386;1.12273;1.12295
Apr 01, 2019 10:00;1.12374;1.1238;1.12304;1.1231
Apr 01, 2019 09:00;1.1246;1.12485;1.1236;1.12374
Apr 01, 2019 08:00;1.12386;1.12496;1.12341;1.12459
Apr 01, 2019 07:00;1.12337;1.12429;1.12275;1.12388
Apr 01, 2019 06:00;1.12384;1.1239;1.12319;1.12337
Apr 01, 2019 05:00;1.12337;1.12416;1.12337;1.12386
Apr 01, 2019 04:00;1.12321;1.12351;1.12314;1.12339
Apr 01, 2019 03:00;1.12313;1.12336;1.12298;1.12317
Apr 01, 2019 02:00;1.12263;1.1233;1.12245;1.12318
Apr 01, 2019 01:00;1.12278;1.12291;1.12249;1.12257
Apr 01, 2019 00:00;1.12233;1.12283;1.12213;1.12283
Mar 31, 2019 23:00;1.12218;1.12252;1.12204;1.12233
Mar 31, 2019 22:00;1.12281;1.12281;1.12212;1.12217
Mar 31, 2019 21:00;1.1225;1.12309;1.12194;1.12278
Mar 29, 2019 20:00;1.12173;1.12184;1.12151;1.12178
Mar 29, 2019 19:00;1.1215;1.12215;1.12134;1.12176
Mar 29, 2019 18:00;1.12214;1.12274;1.12142;1.12151
Mar 29, 2019 17:00;1.12251;1.12252;1.12147;1.12211
Mar 29, 2019 16:00;1.12271;1.12311;1.1221;1.12252
Mar 29, 2019 15:00;1.12273;1.1236;1.12203;1.12267
Mar 29, 2019 14:00;1.12351;1.12415;1.12208;1.12276
Mar 29, 2019 13:00;1.12321;1.12396;1.12293;1.12353
Mar 29, 2019 12:00;1.12298;1.12463;1.12273;1.12316
Mar 29, 2019 11:00;1.1223;1.12364;1.1223;1.12298
Mar 29, 2019 10:00;1.12111;1.12266;1.12097;1.1223
Mar 29, 2019 09:00;1.12302;1.12319;1.12113;1.12113
Mar 29, 2019 08:00;1.12303;1.12362;1.12223;1.12301
Mar 29, 2019 07:00;1.12346;1.12388;1.12284;1.12301
Mar 29, 2019 06:00;1.12337;1.12355;1.1229;1.12345
Mar 29, 2019 05:00;1.12299;1.12357;1.12287;1.12338
Mar 29, 2019 04:00;1.12285;1.12307;1.12235;1.12302
Mar 29, 2019 03:00;1.12303;1.12305;1.12259;1.12286
Mar 29, 2019 02:00;1.12274;1.12306;1.12239;1.12304
Mar 29, 2019 01:00;1.12319;1.1233;1.12265;1.12272
Mar 29, 2019 00:00;1.12298;1.12349;1.12248;1.12322
Mar 28, 2019 23:00;1.12283;1.123;1.12263;1.12299
Mar 28, 2019 22:00;1.12258;1.12299;1.12256;1.12283
Mar 28, 2019 21:00;1.12192;1.12291;1.1217;1.12256
Mar 28, 2019 20:00;1.12238;1.12274;1.12215;1.12239
Mar 28, 2019 19:00;1.12265;1.12283;1.12199;1.1223
Mar 28, 2019 18:00;1.12355;1.12378;1.1225;1.12267
Mar 28, 2019 17:00;1.12273;1.12367;1.12247;1.12356
Mar 28, 2019 16:00;1.12357;1.1236;1.12155;1.12274
Mar 28, 2019 15:00;1.12341;1.12387;1.12218;1.12357
Mar 28, 2019 14:00;1.12173;1.12369;1.12173;1.12342
Mar 28, 2019 13:00;1.12215;1.12309;1.12138;1.12175
Mar 28, 2019 12:00;1.1226;1.12336;1.12208;1.12213
Mar 28, 2019 11:00;1.12515;1.12517;1.12239;1.12255
Mar 28, 2019 10:00;1.12554;1.12586;1.12472;1.12521
Mar 28, 2019 09:00;1.12523;1.12589;1.12501;1.12551
Mar 28, 2019 08:00;1.12384;1.1255;1.12343;1.12525
Mar 28, 2019 07:00;1.12562;1.12606;1.12368;1.12382
Mar 28, 2019 06:00;1.12567;1.12612;1.12552;1.12563
Mar 28, 2019 05:00;1.12548;1.12582;1.12535;1.12569
Mar 28, 2019 04:00;1.12548;1.12555;1.12524;1.1255
Mar 28, 2019 03:00;1.12553;1.12579;1.12528;1.12549
Mar 28, 2019 02:00;1.12457;1.12553;1.12456;1.12551
Mar 28, 2019 01:00;1.12482;1.12534;1.12432;1.12457
Mar 28, 2019 00:00;1.12522;1.12543;1.12473;1.12483
Mar 27, 2019 23:00;1.12491;1.12522;1.12476;1.1252
Mar 27, 2019 22:00;1.12511;1.12529;1.12492;1.12494
Mar 27, 2019 21:00;1.12437;1.12546;1.12437;1.12514
Mar 27, 2019 20:00;1.12513;1.12513;1.12436;1.12441
Mar 27, 2019 19:00;1.12642;1.12644;1.12474;1.12513
Mar 27, 2019 18:00;1.12538;1.12653;1.1252;1.1264
Mar 27, 2019 17:00;1.12633;1.12677;1.12516;1.12542
Mar 27, 2019 16:00;1.12509;1.12657;1.1244;1.1263
Mar 27, 2019 15:00;1.12519;1.12568;1.12422;1.1251
Mar 27, 2019 14:00;1.12587;1.12604;1.12439;1.12519
Mar 27, 2019 13:00;1.12716;1.12722;1.12484;1.12588
Mar 27, 2019 12:00;1.12807;1.12829;1.12661;1.12713
Mar 27, 2019 11:00;1.12776;1.12842;1.12678;1.12804
Mar 27, 2019 10:00;1.12801;1.12855;1.12745;1.12777
Mar 27, 2019 09:00;1.12759;1.12853;1.12701;1.12804
Mar 27, 2019 08:00;1.12522;1.1278;1.12499;1.12757
Mar 27, 2019 07:00;1.1266;1.12664;1.12469;1.12521
Mar 27, 2019 06:00;1.1257;1.12667;1.12563;1.12659
Mar 27, 2019 05:00;1.12578;1.12596;1.12537;1.12572
Mar 27, 2019 04:00;1.12527;1.12579;1.12525;1.12574
Mar 27, 2019 03:00;1.1257;1.12572;1.12528;1.12529
Mar 27, 2019 02:00;1.12558;1.12578;1.12509;1.12572
Mar 27, 2019 01:00;1.1267;1.12671;1.12548;1.12555
Mar 27, 2019 00:00;1.1274;1.12741;1.12613;1.12668
Mar 26, 2019 23:00;1.12755;1.12765;1.12734;1.1274
Mar 26, 2019 22:00;1.12698;1.12771;1.12685;1.12753
Mar 26, 2019 21:00;1.12653;1.12719;1.12628;1.12698
Mar 26, 2019 20:00;1.12692;1.12712;1.1263;1.12656
Mar 26, 2019 19:00;1.1277;1.12806;1.12648;1.1269
Mar 26, 2019 18:00;1.12832;1.12836;1.12761;1.12773
Mar 26, 2019 17:00;1.12885;1.12948;1.12783;1.12834
Mar 26, 2019 16:00;1.1279;1.12903;1.1279;1.12882
Mar 26, 2019 15:00;1.12973;1.12983;1.12778;1.12789
Mar 26, 2019 14:00;1.12855;1.13001;1.12855;1.12977
Mar 26, 2019 13:00;1.12875;1.12963;1.128;1.12853
Mar 26, 2019 12:00;1.13106;1.13116;1.12846;1.12876
Mar 26, 2019 11:00;1.13232;1.13259;1.13089;1.13106
Mar 26, 2019 10:00;1.13171;1.13261;1.1315;1.13235
Mar 26, 2019 09:00;1.13069;1.13191;1.13068;1.13173
Mar 26, 2019 08:00;1.13122;1.13151;1.13027;1.13065
Mar 26, 2019 07:00;1.13077;1.13167;1.13051;1.13126
Mar 26, 2019 06:00;1.1307;1.13117;1.13063;1.13075
Mar 26, 2019 05:00;1.13107;1.13117;1.13049;1.1307
Mar 26, 2019 04:00;1.1316;1.13177;1.1311;1.13111
Mar 26, 2019 03:00;1.13171;1.1318;1.13147;1.13163
Mar 26, 2019 02:00;1.1316;1.13169;1.1314;1.13166
Mar 26, 2019 01:00;1.13176;1.13218;1.13147;1.13163
Mar 26, 2019 00:00;1.13153;1.13189;1.13132;1.13178
Mar 25, 2019 23:00;1.13147;1.13172;1.13144;1.13154
Mar 25, 2019 22:00;1.13126;1.1319;1.13121;1.13143
Mar 25, 2019 21:00;1.13117;1.13154;1.13098;1.13125
Mar 25, 2019 20:00;1.13149;1.1315;1.13102;1.13126
Mar 25, 2019 19:00;1.13122;1.1315;1.13111;1.1315
Mar 25, 2019 18:00;1.13164;1.13259;1.13105;1.1312
Mar 25, 2019 17:00;1.13116;1.13209;1.13101;1.13166
Mar 25, 2019 16:00;1.13216;1.13233;1.13105;1.13116
Mar 25, 2019 15:00;1.13214;1.13316;1.13183;1.13218
Mar 25, 2019 14:00;1.13163;1.13256;1.13114;1.13214
Mar 25, 2019 13:00;1.13185;1.1327;1.13123;1.13165
Mar 25, 2019 12:00;1.13094;1.13243;1.13091;1.13187
Mar 25, 2019 11:00;1.13128;1.13141;1.13039;1.13093
Mar 25, 2019 10:00;1.13203;1.13247;1.13123;1.13126
Mar 25, 2019 09:00;1.1308;1.13232;1.13075;1.13203
Mar 25, 2019 08:00;1.13091;1.13121;1.12948;1.13085
Mar 25, 2019 07:00;1.13035;1.13143;1.1303;1.13091
Mar 25, 2019 06:00;1.13026;1.13044;1.12995;1.13031
Mar 25, 2019 05:00;1.12981;1.13042;1.12981;1.13031
Mar 25, 2019 04:00;1.1299;1.13004;1.12959;1.12979
Mar 25, 2019 03:00;1.12961;1.13002;1.12949;1.12991
Mar 25, 2019 02:00;1.12951;1.12995;1.12951;1.12961
Mar 25, 2019 01:00;1.12901;1.12959;1.12901;1.12953
Mar 25, 2019 00:00;1.12953;1.12963;1.12886;1.12896
Mar 24, 2019 23:00;1.12957;1.12985;1.1295;1.12958
Mar 24, 2019 22:00;1.12937;1.12986;1.12922;1.12952
Mar 24, 2019 21:00;1.12867;1.13004;1.12856;1.12936
Mar 22, 2019 23:00;ﭢ.13;ﭢ.13;ﭢ.13;ﭢ.13
Mar 22, 2019 20:00;1.12975;1.13016;1.12937;ﭢ.13
Mar 22, 2019 19:00;1.12934;1.13011;1.1293;1.12972
Mar 22, 2019 18:00;1.12968;1.12969;1.12836;1.12939
Mar 22, 2019 17:00;1.12837;1.12973;1.12819;1.12962
Mar 22, 2019 16:00;1.12827;1.12958;1.12816;1.12841
Mar 22, 2019 15:00;1.12787;1.12866;1.12731;1.12825
Mar 22, 2019 14:00;1.13047;1.13092;1.12765;1.12788
Mar 22, 2019 13:00;1.13056;1.13156;1.12953;1.13048
Mar 22, 2019 12:00;1.12985;1.13106;1.1296;1.13054
Mar 22, 2019 11:00;1.1309;1.13115;1.12937;1.12986
Mar 22, 2019 10:00;1.13049;1.13198;1.12948;1.13093
Mar 22, 2019 09:00;1.13031;1.13132;1.12928;1.13049
Mar 22, 2019 08:00;1.13875;1.13903;1.12883;1.13031
Mar 22, 2019 07:00;1.13793;1.13905;1.13786;1.13874
Mar 22, 2019 06:00;1.13771;1.13809;1.13763;1.13798
Mar 22, 2019 05:00;1.13776;1.13785;1.13751;1.13769
Mar 22, 2019 04:00;1.13749;1.13779;1.13741;1.13779
Mar 22, 2019 03:00;1.13739;1.13763;1.13723;1.13747
Mar 22, 2019 02:00;1.13755;1.13765;1.13708;1.13734
Mar 22, 2019 01:00;1.13673;1.13763;1.1365;1.13759
Mar 22, 2019 00:00;1.13738;1.13744;1.13613;1.13671
Mar 21, 2019 23:00;1.13762;1.1377;1.13735;1.13738
Mar 21, 2019 22:00;1.13736;1.13777;1.13725;1.13764
Mar 21, 2019 21:00;1.13735;1.14004;1.13519;1.13735
Mar 21, 2019 20:00;1.13666;1.1377;1.13636;1.13749
Mar 21, 2019 19:00;1.13528;1.13669;1.13517;1.13666
Mar 21, 2019 18:00;1.13529;1.13634;1.13468;1.13532
Mar 21, 2019 17:00;1.13522;1.13533;1.13425;1.13528
Mar 21, 2019 16:00;1.13608;1.13624;1.13431;1.13523
Mar 21, 2019 15:00;1.13712;1.13722;1.13536;1.13605
Mar 21, 2019 14:00;1.13923;1.13923;1.13646;1.13715
Mar 21, 2019 13:00;1.13856;1.13955;1.13788;1.13922
Mar 21, 2019 12:00;1.13923;1.1397;1.13843;1.13856
Mar 21, 2019 11:00;1.13884;1.13954;1.1384;1.13921
Mar 21, 2019 10:00;1.14061;1.1407;1.13845;1.13884
Mar 21, 2019 09:00;1.13985;1.14068;1.13978;1.14058
Mar 21, 2019 08:00;1.14133;1.14137;1.13928;1.13987
Mar 21, 2019 07:00;1.14236;1.14295;1.14119;1.14131
Mar 21, 2019 06:00;1.14202;1.14254;1.14182;1.14239
Mar 21, 2019 05:00;1.14263;1.1427;1.14186;1.142
Mar 21, 2019 04:00;1.1424;1.14262;1.14212;1.1426
Mar 21, 2019 03:00;1.14281;1.1431;1.14228;1.14244
Mar 21, 2019 02:00;1.14317;1.14344;1.14266;1.14281
Mar 21, 2019 01:00;1.14321;1.14376;1.14268;1.14317
Mar 21, 2019 00:00;1.14287;1.14347;1.14247;1.14321
Mar 20, 2019 23:00;1.1421;1.14301;1.14209;1.14281
Mar 20, 2019 22:00;1.14245;1.1428;1.14214;1.14214
Mar 20, 2019 21:00;1.14127;1.14241;1.14117;1.14239
Mar 20, 2019 20:00;1.14341;1.14341;1.141;1.14122
Mar 20, 2019 19:00;1.14457;1.14481;1.14169;1.14341
Mar 20, 2019 18:00;1.13573;1.1447;1.13573;1.14457
Mar 20, 2019 17:00;1.135;1.13583;1.13475;1.13576
Mar 20, 2019 16:00;1.13523;1.13563;1.13477;1.13495
Mar 20, 2019 15:00;1.13568;1.13613;1.13458;1.13524
Mar 20, 2019 14:00;1.13597;1.13643;1.13557;1.13569
Mar 20, 2019 13:00;1.13548;1.13613;1.13528;1.13598
Mar 20, 2019 12:00;1.1358;1.13664;1.13542;1.13546
Mar 20, 2019 11:00;1.13505;1.13577;1.13497;1.13577
Mar 20, 2019 10:00;1.13489;1.13546;1.13474;1.13504
Mar 20, 2019 09:00;1.13432;1.13524;1.13421;1.13492
Mar 20, 2019 08:00;1.13451;1.13512;1.13355;1.13431
Mar 20, 2019 07:00;1.13471;1.13534;1.13404;1.1345
Mar 20, 2019 06:00;1.13471;1.13499;1.13455;1.13469
Mar 20, 2019 05:00;1.13462;1.13485;1.13457;1.13475
Mar 20, 2019 04:00;1.13464;1.13479;1.13446;1.13459
Mar 20, 2019 03:00;1.13474;1.13479;1.13446;1.13465
Mar 20, 2019 02:00;1.13493;1.13505;1.1346;1.13477
Mar 20, 2019 01:00;1.13473;1.13496;1.13431;1.13494
Mar 20, 2019 00:00;1.13546;1.13572;1.13473;1.13473
Mar 19, 2019 23:00;1.13533;1.13546;1.13514;1.13542
Mar 19, 2019 22:00;1.13496;1.13541;1.13496;1.13536
Mar 19, 2019 21:00;1.13513;1.1354;1.13487;1.13494
Mar 19, 2019 20:00;1.13582;1.13582;1.13486;1.13512
Mar 19, 2019 19:00;1.1353;1.1359;1.13502;1.1358
Mar 19, 2019 18:00;1.13537;1.13555;1.13517;1.13529
Mar 19, 2019 17:00;1.13494;1.13588;1.13475;1.13537
Mar 19, 2019 16:00;1.13469;1.13568;1.13454;1.13497
Mar 19, 2019 15:00;1.13504;1.13607;1.13447;1.13467
Mar 19, 2019 14:00;1.13461;1.13525;1.13385;1.13499
Mar 19, 2019 13:00;1.13519;1.13611;1.13441;1.13461
Mar 19, 2019 12:00;1.13552;1.13612;1.13468;1.1352
Mar 19, 2019 11:00;1.13552;1.13618;1.13521;1.13555
Mar 19, 2019 10:00;1.13528;1.13579;1.13476;1.13553
Mar 19, 2019 09:00;1.13542;1.13556;1.13487;1.13523
Mar 19, 2019 08:00;1.13475;1.13576;1.13459;1.13548
Mar 19, 2019 07:00;1.1349;1.13515;1.13444;1.1347
Mar 19, 2019 06:00;1.13438;1.13505;1.13438;1.13494
Mar 19, 2019 05:00;1.1346;1.13471;1.13421;1.13437
Mar 19, 2019 04:00;1.13477;1.13486;1.13455;1.13459
Mar 19, 2019 03:00;1.13427;1.13489;1.13422;1.13482
Mar 19, 2019 02:00;1.13383;1.13429;1.13371;1.13425
Mar 19, 2019 01:00;1.13376;1.13418;1.13365;1.13382
Mar 19, 2019 00:00;1.1336;1.134;1.13335;1.13378
Mar 18, 2019 23:00;1.1335;1.13369;1.13347;1.1336
Mar 18, 2019 22:00;1.13351;1.13378;1.13344;1.13349
Mar 18, 2019 21:00;1.13331;1.13391;1.1332;1.13349
Mar 18, 2019 20:00;1.13423;1.1343;1.13391;1.13398
Mar 18, 2019 19:00;1.13367;1.13419;1.13352;1.13418
Mar 18, 2019 18:00;1.13277;1.13373;1.13263;1.1337
Mar 18, 2019 17:00;1.13299;1.13325;1.13248;1.13278
Mar 18, 2019 16:00;1.1337;1.13418;1.13258;1.13294
Mar 18, 2019 15:00;1.13443;1.13463;1.13304;1.13368
Mar 18, 2019 14:00;1.13458;1.13495;1.13405;1.13443
Mar 18, 2019 13:00;1.1346;1.13493;1.13415;1.13458
Mar 18, 2019 12:00;1.13574;1.13592;1.13461;1.13465
Mar 18, 2019 11:00;1.1352;1.13582;1.13508;1.13568
Mar 18, 2019 10:00;1.13511;1.13532;1.13478;1.13524
Mar 18, 2019 09:00;1.13441;1.13507;1.13401;1.13506
Mar 18, 2019 08:00;1.13495;1.13504;1.13412;1.13443
Mar 18, 2019 07:00;1.13422;1.13498;1.13383;1.13496
Mar 18, 2019 06:00;1.13346;1.13452;1.13334;1.13428
Mar 18, 2019 05:00;1.13361;1.13363;1.13318;1.13343
Mar 18, 2019 04:00;1.13355;1.13387;1.13343;1.13366
Mar 18, 2019 03:00;1.13325;1.1338;1.13312;1.13353
Mar 18, 2019 02:00;1.1326;1.1333;1.13246;1.13326
Mar 18, 2019 01:00;1.13207;1.13262;1.132;1.13258
Mar 18, 2019 00:00;1.13194;1.13244;1.13192;1.13208
Mar 17, 2019 23:00;1.1326;1.13264;1.13188;1.13191
Mar 17, 2019 22:00;1.13213;1.13275;1.13213;1.13261
Mar 17, 2019 21:00;1.13201;1.13266;1.132;1.13215
Mar 15, 2019 20:00;1.1322;1.13295;1.1318;1.13237
Mar 15, 2019 19:00;1.13195;1.13228;1.13187;1.13216
Mar 15, 2019 18:00;1.13203;1.13226;1.13175;1.13199
Mar 15, 2019 17:00;1.13172;1.13237;1.13164;1.132
Mar 15, 2019 16:00;1.13266;1.13285;1.13143;1.13176
Mar 15, 2019 15:00;1.13355;1.1341;1.13221;1.13267
Mar 15, 2019 14:00;1.13297;1.13444;1.13242;1.13357
Mar 15, 2019 13:00;1.13035;1.13351;ﭢ.13;1.13294
Mar 15, 2019 12:00;1.13184;1.13194;1.13027;1.13034
Mar 15, 2019 11:00;1.13194;1.13216;1.13171;1.13188
Mar 15, 2019 10:00;1.13221;1.13266;1.1315;1.13191
Mar 15, 2019 09:00;1.13237;1.13251;1.13123;1.13222
Mar 15, 2019 08:00;1.13256;1.13293;1.13192;1.13236
Mar 15, 2019 07:00;1.13188;1.13252;1.13158;1.13251
Mar 15, 2019 06:00;1.13165;1.13206;1.13159;1.13191
Mar 15, 2019 05:00;1.13193;1.13193;1.1315;1.13167
Mar 15, 2019 04:00;1.13193;1.13195;1.13153;1.13191
Mar 15, 2019 03:00;1.13222;1.13268;1.13185;1.13191
Mar 15, 2019 02:00;1.13099;1.13227;1.13098;1.13227
Mar 15, 2019 01:00;1.13057;1.13122;1.13041;1.13096
Mar 15, 2019 00:00;1.13068;1.13098;1.13044;1.13062
Mar 14, 2019 23:00;1.13056;1.13088;1.13047;1.13062
Mar 14, 2019 22:00;1.13044;1.13095;1.13039;1.13058
Mar 14, 2019 21:00;1.13035;1.13075;1.12987;1.13046
Mar 14, 2019 20:00;1.13024;1.13051;1.13012;1.13049
Mar 14, 2019 19:00;ﭢ.13;1.1304;1.12988;1.13025
Mar 14, 2019 18:00;1.12991;1.13078;1.12985;1.12999
Mar 14, 2019 17:00;1.12993;1.13038;1.1297;1.12988
Mar 14, 2019 16:00;1.13036;1.1305;1.1297;1.12998
Mar 14, 2019 15:00;1.13001;1.13094;1.12963;1.13032
Mar 14, 2019 14:00;1.12999;1.13076;1.12943;1.13002
Mar 14, 2019 13:00;1.13024;1.13049;1.12942;ﭢ.13
Mar 14, 2019 12:00;1.13018;1.13109;1.12982;1.13024
Mar 14, 2019 11:00;1.13063;1.13117;1.12959;1.13017
Mar 14, 2019 10:00;1.13135;1.13139;1.13014;1.13063
Mar 14, 2019 09:00;1.13263;1.13263;1.13113;1.13135
Mar 14, 2019 08:00;1.13239;1.13362;1.13237;1.13266
Mar 14, 2019 07:00;1.13176;1.1328;1.13123;1.13235
Mar 14, 2019 06:00;1.13196;1.13204;1.13135;1.13177
Mar 14, 2019 05:00;1.13191;1.13228;1.13176;1.13198
Mar 14, 2019 04:00;1.13208;1.13226;1.13177;1.13189
Mar 14, 2019 03:00;1.13269;1.13283;1.13203;1.1321
Mar 14, 2019 02:00;1.13267;1.13316;1.13248;1.13265
Mar 14, 2019 01:00;1.13275;1.1328;1.13233;1.13271
Mar 14, 2019 00:00;1.13306;1.1333;1.13262;1.13273
Mar 13, 2019 23:00;1.1337;1.13372;1.13292;1.13301
Mar 13, 2019 22:00;1.13302;1.13374;1.13302;1.13374
Mar 13, 2019 21:00;1.13262;1.13304;1.13233;1.13301
Mar 13, 2019 20:00;1.13333;1.13369;1.13266;1.13287
Mar 13, 2019 19:00;1.13296;1.13388;1.13217;1.13338
Mar 13, 2019 18:00;1.13029;1.13344;1.13027;1.13294
Mar 13, 2019 17:00;1.13054;1.13084;ﭢ.13;1.13028
Mar 13, 2019 16:00;1.1309;1.13151;ﭢ.13;1.13052
Mar 13, 2019 15:00;1.13055;1.13139;1.13004;1.13094
Mar 13, 2019 14:00;1.13073;1.13133;1.13051;1.13051
Mar 13, 2019 13:00;1.12935;1.13125;1.12905;1.13073
Mar 13, 2019 12:00;1.13023;1.13049;1.12917;1.12939
Mar 13, 2019 11:00;1.12928;1.13044;1.12895;1.13019
Mar 13, 2019 10:00;1.12941;1.13029;1.12916;1.12931
Mar 13, 2019 09:00;1.12943;1.1298;1.12892;1.12941
Mar 13, 2019 08:00;1.12798;1.1297;1.12776;1.12943
Mar 13, 2019 07:00;1.12866;1.12892;1.12785;1.12795
Mar 13, 2019 06:00;1.12865;1.12885;1.12834;1.12866
Mar 13, 2019 05:00;1.12835;1.12877;1.12825;1.12866
Mar 13, 2019 04:00;1.12842;1.12862;1.12828;1.12834
Mar 13, 2019 03:00;1.12842;1.12853;1.12827;1.1284
Mar 13, 2019 02:00;1.12875;1.12899;1.12838;1.12847
Mar 13, 2019 01:00;1.12878;1.12899;1.12869;1.12872
Mar 13, 2019 00:00;1.12867;1.12901;1.12862;1.1288
Mar 12, 2019 23:00;1.12899;1.12903;1.12852;1.12868
Mar 12, 2019 22:00;1.12879;1.12904;1.12879;1.12898
Mar 12, 2019 21:00;1.1287;1.12881;1.12852;1.12876
Mar 12, 2019 20:00;1.12965;1.12998;1.12823;1.12863
Mar 12, 2019 19:00;1.12981;1.13052;1.12899;1.12967
Mar 12, 2019 18:00;1.12894;1.13006;1.12889;1.12976
Mar 12, 2019 17:00;1.12934;1.12949;1.12884;1.12894
Mar 12, 2019 16:00;1.12765;1.12953;1.12739;1.12939
Mar 12, 2019 15:00;1.12717;1.12946;1.12674;1.12765
Mar 12, 2019 14:00;1.12796;1.12808;1.1267;1.12712
Mar 12, 2019 13:00;1.12816;1.12832;1.12729;1.12798
Mar 12, 2019 12:00;1.12533;1.12844;1.1249;1.12813
Mar 12, 2019 11:00;1.12689;1.12743;1.125;1.12533
Mar 12, 2019 10:00;1.12728;1.12775;1.12669;1.1269
Mar 12, 2019 09:00;1.12822;1.1284;1.12723;1.12728
Mar 12, 2019 08:00;1.12662;1.12832;1.12639;1.12823
Mar 12, 2019 07:00;1.12584;1.12675;1.12548;1.12663
Mar 12, 2019 06:00;1.12552;1.12602;1.12536;1.12581
Mar 12, 2019 05:00;1.12515;1.12572;1.12515;1.12556
Mar 12, 2019 04:00;1.12611;1.12612;1.12511;1.12513
Mar 12, 2019 03:00;1.12628;1.12655;1.12603;1.12609
Mar 12, 2019 02:00;1.12607;1.12635;1.12578;1.12632
Mar 12, 2019 01:00;1.12591;1.12633;1.12582;1.12606
Mar 12, 2019 00:00;1.1259;1.1261;1.12554;1.12591
Mar 11, 2019 23:00;1.12633;1.12678;1.12546;1.12592
Mar 11, 2019 22:00;1.12492;1.12741;1.12475;1.12635
Mar 11, 2019 21:00;1.12443;1.12494;1.12435;1.12486
Mar 11, 2019 20:00;1.12476;1.12479;1.1241;1.12441
Mar 11, 2019 19:00;1.12399;1.12503;1.12381;1.12475
Mar 11, 2019 18:00;1.12416;1.12461;1.12384;1.12398
Mar 11, 2019 17:00;1.12335;1.12417;1.12301;1.12417
Mar 11, 2019 16:00;1.12248;1.12345;1.1222;1.12332
Mar 11, 2019 15:00;1.1242;1.12451;1.12218;1.12249
Mar 11, 2019 14:00;1.12471;1.1249;1.12356;1.12417
Mar 11, 2019 13:00;1.12364;1.12545;1.1236;1.12473
Mar 11, 2019 12:00;1.12435;1.1248;1.12328;1.12369
Mar 11, 2019 11:00;1.12431;1.12493;1.12397;1.12432
Mar 11, 2019 10:00;1.12527;1.12529;1.12362;1.12435
Mar 11, 2019 09:00;1.12461;1.12582;1.12423;1.12522
Mar 11, 2019 08:00;1.12486;1.12497;1.12427;1.12462
Mar 11, 2019 07:00;1.12374;1.12507;1.1235;1.12489
Mar 11, 2019 06:00;1.12333;1.12409;1.12331;1.12373
Mar 11, 2019 05:00;1.12336;1.1235;1.12324;1.12336
Mar 11, 2019 04:00;1.12324;1.12334;1.12315;1.12332
Mar 11, 2019 03:00;1.12317;1.12333;1.12306;1.12327
Mar 11, 2019 02:00;1.12288;1.12325;1.12287;1.12319
Mar 11, 2019 01:00;1.1228;1.12299;1.12239;1.12288
Mar 11, 2019 00:00;1.12317;1.12323;1.12229;1.12278
Mar 10, 2019 23:00;1.12342;1.12373;1.12311;1.12315
Mar 10, 2019 22:00;1.12334;1.12352;1.12309;1.12345
Mar 10, 2019 21:00;1.12309;1.12353;1.12309;1.12331
Mar 08, 2019 20:00;1.12318;1.12352;1.12306;1.12333
Mar 08, 2019 19:00;1.12429;1.12433;1.12316;1.12319
Mar 08, 2019 18:00;1.12405;1.12435;1.12388;1.12427
Mar 08, 2019 17:00;1.12401;1.12431;1.12382;1.12403
Mar 08, 2019 16:00;1.12431;1.12463;1.1238;1.12404
Mar 08, 2019 15:00;1.1236;1.12443;1.12325;1.12428
Mar 08, 2019 14:00;1.12257;1.12383;1.12252;1.12358
Mar 08, 2019 13:00;1.12255;1.12358;1.12222;1.1226
Mar 08, 2019 12:00;1.12214;1.12405;1.12148;1.12253
Mar 08, 2019 11:00;1.12152;1.12232;1.1213;1.12217
Mar 08, 2019 10:00;1.12182;1.12206;1.12137;1.12148
Mar 08, 2019 09:00;1.12129;1.12199;1.1209;1.12183
Mar 08, 2019 08:00;1.12083;1.12157;1.12062;1.12129
Mar 08, 2019 07:00;1.121;1.12126;1.12003;1.12084
Mar 08, 2019 06:00;1.12069;1.12115;1.11973;1.12096
Mar 08, 2019 05:00;1.12014;1.12091;1.1201;1.12071
Mar 08, 2019 04:00;1.11988;1.12017;1.11965;1.12014
Mar 08, 2019 03:00;1.11966;1.11995;1.11939;1.11987
Mar 08, 2019 02:00;1.11987;1.12012;1.11941;1.11971
Mar 08, 2019 01:00;1.11887;1.12009;1.11867;1.11987
Mar 08, 2019 00:00;1.11914;1.11949;1.11854;1.11887
Mar 07, 2019 23:00;1.11983;1.11983;1.11861;1.11913
Mar 07, 2019 22:00;1.11914;1.11985;1.11914;1.1198
Mar 07, 2019 21:00;1.11939;1.11939;1.11909;1.11917
Mar 07, 2019 20:00;1.11817;1.1195;1.11803;1.11939
Mar 07, 2019 19:00;1.11832;1.11873;1.11784;1.11813
Mar 07, 2019 18:00;1.12184;1.12192;1.11762;1.11833
Mar 07, 2019 17:00;1.12252;1.12257;1.12161;1.12186
Mar 07, 2019 16:00;1.12135;1.12291;1.12075;1.12251
Mar 07, 2019 15:00;1.12316;1.12336;1.12058;1.12133
Mar 07, 2019 14:00;1.12327;1.1243;1.12301;1.12316
Mar 07, 2019 13:00;1.12603;1.12604;1.12295;1.12329
Mar 07, 2019 12:00;1.12885;1.12886;1.12538;1.12602
Mar 07, 2019 11:00;1.13086;1.13103;1.12743;1.12884
Mar 07, 2019 10:00;1.13163;1.13202;1.13073;1.13087
Mar 07, 2019 09:00;1.13096;1.13187;1.13084;1.13166
Mar 07, 2019 08:00;1.13111;1.13136;1.13075;1.13091
Mar 07, 2019 07:00;1.13071;1.13132;1.13045;1.1311
Mar 07, 2019 06:00;1.13027;1.13101;1.13014;1.13075
Mar 07, 2019 05:00;1.13064;1.13074;1.13022;1.13025
Mar 07, 2019 04:00;1.13039;1.13063;1.1303;1.13061
Mar 07, 2019 03:00;1.13048;1.13066;1.13043;1.13043
Mar 07, 2019 02:00;1.13065;1.13085;1.13027;1.13044
Mar 07, 2019 01:00;1.13088;1.13104;1.13049;1.13067
Mar 07, 2019 00:00;1.13116;1.13133;1.13081;1.13085
Mar 06, 2019 23:00;1.13128;1.13154;1.13092;1.13115
Mar 06, 2019 22:00;1.13083;1.13139;1.13068;1.13132
Mar 06, 2019 21:00;1.13062;1.131;1.13059;1.13083
Mar 06, 2019 20:00;1.13113;1.13115;1.13062;1.13064
Mar 06, 2019 19:00;1.13076;1.1312;1.13064;1.1311
Mar 06, 2019 18:00;1.13071;1.13111;1.13041;1.13075
Mar 06, 2019 17:00;1.13078;1.13113;1.1306;1.1307
Mar 06, 2019 16:00;1.1318;1.13194;1.13042;1.13078
Mar 06, 2019 15:00;1.13175;1.13249;1.1312;1.13185
Mar 06, 2019 14:00;1.131;1.13235;1.13062;1.13173
Mar 06, 2019 13:00;1.13048;1.13173;1.13045;1.131
Mar 06, 2019 12:00;1.13025;1.13148;1.12853;1.13045
Mar 06, 2019 11:00;1.13017;1.13054;1.12996;1.13025
Mar 06, 2019 10:00;1.13034;1.13066;1.13016;1.13019
Mar 06, 2019 09:00;1.13013;1.13054;1.12983;1.13034
Mar 06, 2019 08:00;1.13071;1.13076;1.13003;1.13013
Mar 06, 2019 07:00;1.13008;1.13102;1.12994;1.13069
Mar 06, 2019 06:00;1.13022;1.13039;1.12961;1.13006
Mar 06, 2019 05:00;1.12977;1.13035;1.12944;1.13022
Mar 06, 2019 04:00;1.12989;ﭢ.13;1.12942;1.12978
Mar 06, 2019 03:00;1.12927;1.12991;1.12926;1.12987
Mar 06, 2019 02:00;1.12954;1.12982;1.12897;1.12929
Mar 06, 2019 01:00;1.1303;1.13036;1.12925;1.12955
Mar 06, 2019 00:00;1.13008;1.13036;1.12983;1.13028
Mar 05, 2019 23:00;1.1306;1.13071;1.12978;1.13007
Mar 05, 2019 22:00;1.12992;1.13063;1.12992;1.13058
Mar 05, 2019 21:00;1.13078;1.1308;1.12986;1.12997
Mar 05, 2019 20:00;1.13075;1.13083;1.13046;1.1307
Mar 05, 2019 19:00;1.13027;1.13082;1.13026;1.13077
Mar 05, 2019 18:00;1.13061;1.13084;1.13022;1.13029
Mar 05, 2019 17:00;1.12975;1.13106;1.12941;1.13061
Mar 05, 2019 16:00;1.12985;1.12997;1.12895;1.12971
Mar 05, 2019 15:00;1.13062;1.13072;1.12921;1.12985
Mar 05, 2019 14:00;1.13239;1.13239;1.12919;1.13064
Mar 05, 2019 13:00;1.13309;1.13354;1.13193;1.13259
Mar 05, 2019 12:00;1.13233;1.13311;1.13223;1.13306
Mar 05, 2019 11:00;1.13336;1.13384;1.13226;1.13232
Mar 05, 2019 10:00;1.13243;1.1334;1.13229;1.13339
Mar 05, 2019 09:00;1.13275;1.13295;1.13206;1.13246
Mar 05, 2019 08:00;1.13356;1.13374;1.13253;1.13272
Mar 05, 2019 07:00;1.13266;1.13379;1.13159;1.13354
Mar 05, 2019 06:00;1.13234;1.13276;1.1318;1.13266
Mar 05, 2019 05:00;1.13289;1.13312;1.13203;1.13236
Mar 05, 2019 04:00;1.13306;1.13307;1.13273;1.13289
Mar 05, 2019 03:00;1.13276;1.13315;1.13247;1.13308
Mar 05, 2019 02:00;1.13356;1.13378;1.13272;1.13276
Mar 05, 2019 01:00;1.13338;1.13368;1.13324;1.13357
Mar 05, 2019 00:00;1.13342;1.13354;1.13324;1.13333
Mar 04, 2019 23:00;1.13363;1.13376;1.13323;1.13339
Mar 04, 2019 22:00;1.13356;1.13388;1.13356;1.13366
Mar 04, 2019 21:00;1.13393;1.13409;1.13337;1.13354
Mar 04, 2019 20:00;1.1342;1.13429;1.13395;1.13397
Mar 04, 2019 19:00;1.13307;1.13428;1.13287;1.13425
Mar 04, 2019 18:00;1.13296;1.13324;1.13249;1.13305
Mar 04, 2019 17:00;1.1332;1.13349;1.13264;1.13295
Mar 04, 2019 16:00;1.13283;1.13354;1.13278;1.13322
Mar 04, 2019 15:00;1.13225;1.13286;1.13172;1.13281
Mar 04, 2019 14:00;1.13257;1.13271;1.1309;1.13226
Mar 04, 2019 13:00;1.13426;1.1343;1.1322;1.13256
Mar 04, 2019 12:00;1.1334;1.13454;1.13319;1.13426
Mar 04, 2019 11:00;1.1333;1.13384;1.13307;1.13341
Mar 04, 2019 10:00;1.13377;1.13428;1.13277;1.13332
Mar 04, 2019 09:00;1.1343;1.13453;1.13348;1.13377
Mar 04, 2019 08:00;1.13424;1.13467;1.13369;1.13427
Mar 04, 2019 07:00;1.13581;1.13581;1.13342;1.13428
Mar 04, 2019 06:00;1.13657;1.13691;1.13553;1.13579
Mar 04, 2019 05:00;1.13626;1.13682;1.13608;1.1366
Mar 04, 2019 04:00;1.13647;1.13665;1.13618;1.13626
Mar 04, 2019 03:00;1.13664;1.13672;1.13634;1.13642
Mar 04, 2019 02:00;1.13654;1.13678;1.13619;1.13668
Mar 04, 2019 01:00;1.13686;1.13705;1.13638;1.13652
Mar 04, 2019 00:00;1.13697;1.13702;1.13669;1.13689
Mar 03, 2019 23:00;1.1375;1.13752;1.13676;1.13695
Mar 03, 2019 22:00;1.13774;1.13812;1.13723;1.13749
Mar 03, 2019 21:00;1.13821;1.13821;1.1373;1.13772
Mar 01, 2019 20:00;1.13645;1.13684;1.1363;1.13635
Mar 01, 2019 19:00;1.13583;1.13652;1.13556;1.13647
Mar 01, 2019 18:00;1.13634;1.13651;1.13542;1.13578
Mar 01, 2019 17:00;1.13655;1.13665;1.13619;1.13637
Mar 01, 2019 16:00;1.13751;1.13772;1.13648;1.13652
Mar 01, 2019 15:00;1.13861;1.13883;1.1373;1.13747
Mar 01, 2019 14:00;1.13964;1.14086;1.13853;1.13863
Mar 01, 2019 13:00;1.13815;1.13998;1.13761;1.13959
Mar 01, 2019 12:00;1.13782;1.13849;1.13752;1.13819
Mar 01, 2019 11:00;1.13843;1.1388;1.13775;1.13785
Mar 01, 2019 10:00;1.13748;1.13858;1.13734;1.13841
Mar 01, 2019 09:00;1.13602;1.13771;1.13552;1.13748
Mar 01, 2019 08:00;1.13635;1.13668;1.13575;1.13604
Mar 01, 2019 07:00;1.13721;1.13729;1.1353;1.13631
Mar 01, 2019 06:00;1.13619;1.1374;1.13619;1.1372
Mar 01, 2019 05:00;1.13708;1.13742;1.13615;1.13622
Mar 01, 2019 04:00;1.13744;1.13749;1.13704;1.13707
Mar 01, 2019 03:00;1.13693;1.13751;1.13693;1.13739
Mar 01, 2019 02:00;1.13695;1.13723;1.13676;1.13695
Mar 01, 2019 01:00;1.13717;1.1372;1.13637;1.13694
Mar 01, 2019 00:00;1.13698;1.13751;1.13694;1.13719
Feb 28, 2019 23:00;1.1373;1.13732;1.13685;1.13699
Feb 28, 2019 22:00;1.13701;1.13739;1.13692;1.13729
Feb 28, 2019 21:00;1.13699;1.1373;1.13685;1.13706
Feb 28, 2019 20:00;1.13732;1.13749;1.13694;1.13701
Feb 28, 2019 19:00;1.1378;1.1381;1.13729;1.13734
